11,88126421294,Frank,Sinatra,Singer
13,88002324323,Landon,Donovan,Football
14,88005553535,John,Fedor,Cafe
15,88002324591,Luka,Modric,Football
16,88001915081,Serj,Tankian,Misic
17,88001234567,Sasha,Baron Cohen,Comedian
4,88005553535,Francesco,Totti,Football
5,88005231903,Adam,Sandler,Comedian
3,89006543211,Zinedine,Zidan,Football
18,89006543210,Mirosalav,Close,Football
19,88001238791,Therry,Henry,Football
7,89006543219,Wayne,Rooney,Football
8,88004321245,Curt,Cobain,Music
9,88005457325,Salvador,Dali,Painter
10,88005473743,Tomasz,Rosicky,Football
